20,1.012,1.317E-07
20.19,1.029,1.354E-07
20.39,1.038,1.439E-07
20.59,1.027,1.423E-07
20.79,1.017,1.429E-07
20.99,1.045,1.55E-07
21.19,1.017,1.501E-07
21.39,1.042,1.644E-07
21.59,1.01,1.554E-07
21.79,1.031,1.651E-07
21.99,1.029,1.786E-07
22.19,1.022,1.696E-07
22.39,1.02,1.768E-07
22.59,1.023,1.797E-07
22.79,1.021,1.876E-07
22.99,1.011,1.802E-07
23.19,1.009,1.944E-07
23.39,1.037,2.051E-07
23.59,1.01,1.958E-07
23.79,1.026,2.129E-07
23.99,1.008,1.997E-07
24.19,1.035,2.091E-07
24.39,1.018,1.966E-07
24.59,1.011,1.988E-07
24.79,1.015,2.036E-07
24.98,1.019,2.021E-07
25.19,1.022,2.021E-07
25.39,1.026,1.9E-07
25.59,1.023,1.883E-07
25.79,1.006,1.868E-07
25.99,1.024,1.865E-07
26.19,1.017,1.755E-07
26.39,1.02,1.882E-07
26.59,1.007,1.754E-07
26.79,1.026,1.709E-07
26.99,1.017,1.933E-07
27.19,1.011,1.901E-07
27.39,1.015,2.041E-07
27.59,1.018,2.085E-07
27.79,1.02,2.211E-07
27.99,1.014,2.279E-07
28.19,1.003,2.499E-07
28.39,1.022,2.668E-07
28.59,1.017,2.712E-07
28.79,1.01,3.033E-07
28.99,1.015,3.011E-07
29.19,1.024,3.328E-07
29.39,1.008,3.477E-07
29.59,1.01,3.553E-07
29.79,1.014,3.662E-07
29.99,1.015,3.538E-07
30.19,1.014,3.414E-07
30.39,1.019,3.456E-07
30.59,1.021,3.469E-07
30.79,1.007,3.382E-07
30.99,1.01,4.201E-07
31.19,1.021,3.603E-07
31.39,1.007,3.335E-07
31.59,1.012,2.997E-07
31.79,1.02,3.274E-07
31.99,1.009,3.092E-07
32.19,1.007,3.144E-07
32.39,1.01,3.194E-07
32.59,1.013,3.175E-07
32.79,1.016,3.114E-07
32.99,1.015,3.228E-07
33.19,1.002,3.151E-07
33.39,1.008,3.402E-07
33.59,1.02,3.108E-07
33.79,0.9992,3.341E-07
33.99,1.017,3.135E-07
34.19,1.011,3.234E-07
34.39,1.001,3.371E-07
34.59,1.008,3.122E-07
34.79,1.01,3.511E-07
34.99,1.009,3.202E-07
35.19,1.007,3.591E-07
35.39,1.009,3.348E-07
35.59,1.015,3.59E-07
35.79,1.008,3.406E-07
35.99,0.9997,3.544E-07
36.19,1.018,3.65E-07
36.39,0.9972,3.501E-07
36.59,1.012,3.653E-07
36.79,1.011,3.742E-07
36.99,1.001,3.684E-07
37.19,1.004,3.687E-07
37.39,1.006,3.827E-07
37.59,1.007,3.828E-07
37.79,1.009,3.985E-07
37.99,1.012,4.156E-07
38.19,1.003,4.077E-07
38.39,0.9976,4.03E-07
38.59,1.016,4.109E-07
38.79,0.9942,3.963E-07
38.99,1.014,4.08E-07
39.19,1,4.066E-07
39.39,0.9982,3.838E-07
39.59,1.005,3.954E-07
39.79,1.006,3.935E-07
39.99,1.003,3.977E-07
40.17,0.9969,4.02E-07
40.37,0.9965,4.078E-07
40.57,1.003,4.254E-07
40.76,1.005,4.292E-07
40.96,0.9891,4.392E-07
41.17,1.006,4.556E-07
41.37,0.9902,4.373E-07
41.57,1.007,4.478E-07
41.76,0.9937,4.393E-07
41.97,0.9932,4.198E-07
42.16,0.9989,4.307E-07
42.37,0.9977,4.384E-07
42.56,0.9968,4.214E-07
42.77,0.9954,4.296E-07
42.96,1.001,4.233E-07
43.17,1.004,4.24E-07
43.37,0.9911,4.094E-07
43.56,0.9978,4.216E-07
43.77,0.9988,4.078E-07
43.97,0.9983,4.141E-07
44.17,0.9907,3.96E-07
44.37,1.002,4.088E-07
44.56,1.001,4.2E-07
44.76,0.9971,3.891E-07
44.96,0.9966,4.093E-07
45.16,0.9969,3.879E-07
45.36,0.9945,4.072E-07
45.57,0.9905,3.857E-07
45.77,0.9984,4.025E-07
45.97,1.001,3.958E-07
46.17,0.9879,3.863E-07
46.36,1.002,4.101E-07
46.57,0.9921,3.949E-07
46.77,0.992,3.83E-07
46.96,0.9986,4.061E-07
47.17,0.9982,3.943E-07
47.36,0.9938,3.928E-07
47.57,0.9955,4.002E-07
47.76,0.9902,4.035E-07
47.97,0.991,3.939E-07
48.17,0.9932,4.027E-07
48.37,1.001,4.085E-07
48.57,0.9887,4.025E-07
48.77,1.001,4.219E-07
48.97,0.9832,4.068E-07
49.17,0.9992,4.199E-07
49.37,0.9969,4.197E-07
49.57,0.9933,4.059E-07
49.77,0.9952,4.145E-07
49.97,0.9968,4.207E-07
50.17,0.9986,4.216E-07
50.37,1.001,4.343E-07
50.57,0.9976,4.241E-07
50.77,0.9872,4.214E-07
50.97,0.9931,4.267E-07
51.17,0.9895,4.208E-07
51.37,0.9946,4.298E-07
51.57,0.99,4.261E-07
51.77,0.9951,4.384E-07
51.97,0.9934,4.31E-07
52.17,0.9896,4.311E-07
52.37,0.9898,4.317E-07
52.57,0.993,4.412E-07
52.77,0.9933,4.355E-07
52.98,0.9914,4.288E-07
53.16,0.986,4.202E-07
53.37,0.9896,4.257E-07
53.58,0.9949,4.326E-07
53.76,0.9848,4.13E-07
53.96,0.9941,4.294E-07
54.17,0.9906,4.222E-07
54.38,0.9842,4.128E-07
54.58,0.9889,4.204E-07
54.78,0.9903,4.221E-07
54.98,0.9892,4.165E-07
55.17,0.9875,4.166E-07
55.37,0.9882,4.123E-07
55.58,0.9923,4.178E-07
55.77,0.9902,4.19E-07
55.97,0.9808,4.116E-07
56.16,0.9933,4.282E-07
56.37,0.9806,4.098E-07
56.57,0.9927,4.247E-07
56.76,0.9844,4.25E-07
56.97,0.9823,4.137E-07
57.17,0.984,4.254E-07
57.37,0.9848,4.275E-07
57.57,0.9842,4.253E-07
57.77,0.9844,4.276E-07
57.97,0.9865,4.364E-07
58.18,0.9875,4.302E-07
58.36,0.9764,4.293E-07
58.57,0.9855,4.364E-07
58.78,0.9803,4.297E-07
58.97,0.9855,4.393E-07
59.16,0.9746,4.32E-07
59.36,0.9823,4.427E-07
59.56,0.9833,4.424E-07
59.77,0.9804,4.424E-07
59.97,0.9789,4.424E-07
60.17,0.978,4.425E-07
60.37,0.976,4.669E-07
60.57,0.974,4.61E-07
60.77,0.981,4.731E-07
60.97,0.9766,4.676E-07
61.17,0.9698,4.711E-07
61.37,0.9772,4.891E-07
61.57,0.9721,4.791E-07
61.77,0.967,4.777E-07
61.97,0.9732,4.977E-07
62.17,0.9699,4.819E-07
62.37,0.9676,5.027E-07
62.58,0.967,4.861E-07
62.77,0.9649,5.064E-07
62.97,0.961,4.904E-07
63.16,0.9665,5.067E-07
63.36,0.9663,5.11E-07
63.57,0.9607,4.9E-07
63.77,0.9686,5.083E-07
63.96,0.9558,5.037E-07
64.14,0.963,5.081E-07
64.35,0.9621,5.058E-07
64.57,0.9548,4.91E-07
64.78,0.96,4.989E-07
64.98,0.9587,5.021E-07
65.14,0.957,5.014E-07
65.37,0.9666,5.135E-07
65.57,0.9672,5.092E-07
65.77,0.9708,5.027E-07
65.99,0.9869,5.143E-07
66.21,0.981,5.094E-07
66.39,0.9977,5.318E-07
66.59,1.006,5.293E-07
66.8,1.013,5.359E-07
66.98,1.019,5.544E-07
67.18,1.021,5.56E-07
67.37,1.028,5.607E-07
67.57,1.03,5.717E-07
67.78,1.03,5.677E-07
67.98,1.028,5.704E-07
68.17,1.028,6.012E-07
68.37,1.022,6.313E-07
68.57,1.016,6.356E-07
68.77,1.016,6.297E-07
68.97,1.014,5.987E-07
69.17,1.019,6.053E-07
69.36,1.008,5.914E-07
69.54,1.01,5.97E-07
69.77,1.007,5.901E-07
69.96,1.007,5.823E-07
70.15,0.999,5.751E-07
70.36,0.997,5.685E-07
70.56,0.997,5.766E-07
70.76,0.9896,5.665E-07
70.96,0.9847,5.605E-07
71.16,0.9914,5.712E-07
71.36,0.98,5.601E-07
71.56,0.9882,5.816E-07
71.77,0.9852,6.039E-07
71.96,0.9824,5.797E-07
72.17,0.9853,5.844E-07
72.37,0.9884,6.237E-07
72.58,0.9922,5.914E-07
72.78,0.9973,6.361E-07
72.99,1.005,6.4E-07
73.2,1.01,6.263E-07
73.39,1.012,6.652E-07
73.59,1.029,6.716E-07
73.8,1.023,6.5E-07
74,1.04,6.883E-07
74.2,1.037,6.91E-07
74.38,1.041,6.954E-07
74.59,1.049,6.938E-07
74.79,1.049,6.943E-07
74.99,1.049,6.956E-07
75.19,1.05,6.96E-07
75.38,1.051,6.959E-07
75.59,1.054,6.966E-07
75.79,1.056,7.053E-07
75.99,1.047,7.341E-07
76.19,1.056,7.936E-07
76.38,1.048,7.555E-07
76.58,1.056,7.74E-07
76.78,1.048,7.648E-07
76.98,1.048,7.528E-07
77.18,1.049,7.558E-07
77.38,1.049,7.65E-07
77.58,1.047,7.648E-07
77.78,1.046,7.706E-07
77.98,1.048,7.848E-07
78.18,1.048,7.574E-07
78.38,1.039,7.639E-07
78.58,1.044,7.744E-07
78.78,1.041,7.497E-07
78.98,1.043,7.542E-07
79.18,1.036,7.585E-07
79.38,1.041,7.608E-07
79.58,1.041,7.598E-07
79.78,1.038,7.582E-07
79.98,1.037,7.587E-07
80.18,1.035,7.759E-07
80.38,1.033,7.786E-07
80.58,1.032,7.774E-07
80.78,1.037,7.792E-07
80.98,1.034,7.849E-07
81.18,1.03,7.828E-07
81.38,1.035,8.158E-07
81.58,1.032,7.811E-07
81.78,1.028,7.876E-07
81.98,1.032,8.181E-07
82.18,1.033,7.879E-07
82.38,1.03,8.213E-07
82.58,1.03,7.884E-07
82.78,1.027,8.219E-07
82.98,1.027,7.909E-07
83.18,1.031,8.21E-07
83.38,1.03,8.28E-07
83.58,1.023,7.906E-07
83.78,1.032,8.249E-07
83.98,1.023,8.247E-07
84.18,1.027,8.293E-07
84.37,1.029,8.286E-07
84.58,1.025,8.198E-07
84.78,1.024,8.24E-07
84.98,1.025,8.288E-07
85.18,1.026,8.325E-07
85.38,1.026,8.423E-07
85.58,1.022,8.329E-07
85.78,1.022,8.315E-07
85.98,1.028,8.373E-07
86.18,1.019,8.355E-07
86.38,1.027,8.673E-07
86.58,1.019,8.389E-07
86.78,1.024,8.435E-07
86.98,1.025,8.741E-07
87.18,1.023,8.426E-07
87.38,1.021,8.715E-07
87.58,1.022,8.528E-07
87.78,1.021,8.804E-07
87.98,1.019,8.507E-07
88.18,1.019,8.811E-07
88.38,1.024,8.769E-07
88.58,1.019,8.673E-07
88.78,1.023,8.871E-07
88.98,1.018,8.908E-07
89.18,1.024,8.941E-07
89.38,1.019,8.827E-07
89.58,1.017,8.749E-07
89.78,1.019,8.982E-07
89.98,1.02,9.002E-07
90.17,1.02,9.019E-07
90.37,1.021,9.205E-07
90.57,1.021,9.211E-07
90.77,1.016,9.086E-07
90.98,1.019,9.076E-07
91.19,1.02,9.167E-07
91.37,1.018,9.173E-07
91.57,1.017,9.416E-07
91.79,1.021,9.198E-07
91.97,1.018,9.395E-07
92.18,1.016,9.296E-07
92.37,1.018,9.276E-07
92.58,1.017,9.541E-07
92.77,1.02,9.515E-07
92.99,1.017,9.404E-07
93.17,1.015,9.612E-07
93.38,1.017,9.331E-07
93.58,1.019,9.664E-07
93.78,1.012,9.612E-07
93.97,1.02,9.712E-07
94.17,1.018,9.578E-07
94.38,1.013,9.484E-07
94.58,1.016,9.726E-07
94.78,1.017,9.731E-07
94.98,1.016,9.742E-07
95.19,1.015,9.757E-07
95.38,1.016,9.774E-07
95.57,1.018,9.981E-07
95.76,1.015,9.968E-07
95.97,1.011,9.838E-07
96.19,1.021,9.94E-07
96.38,1.013,9.922E-07
96.56,1.015,1.023E-06
96.79,1.016,9.971E-07
96.98,1.014,9.999E-07
97.18,1.011,1.028E-06
97.38,1.018,1.009E-06
97.58,1.011,1.032E-06
97.78,1.017,1.013E-06
97.98,1.016,1.038E-06
98.17,1.013,1.046E-06
98.38,1.014,1.019E-06
98.58,1.016,1.047E-06
98.78,1.008,1.049E-06
98.98,1.017,1.05E-06
99.18,1.012,1.031E-06
99.38,1.015,1.06E-06
99.58,1.016,1.061E-06
99.78,1.014,1.062E-06
99.98,1.013,1.064E-06
100.2,1.012,1.068E-06
100.4,1.011,1.068E-06
100.6,1.011,1.069E-06
100.8,1.015,1.093E-06
101,1.012,1.085E-06
101.2,1.016,1.075E-06
101.4,1.012,1.087E-06
101.6,1.012,1.101E-06
101.8,1.013,1.088E-06
102,1.011,1.093E-06
102.2,1.013,1.116E-06
102.4,1.014,1.096E-06
102.6,1.011,1.119E-06
102.8,1.011,1.099E-06
103,1.014,1.122E-06
103.2,1.012,1.123E-06
103.4,1.013,1.116E-06
103.6,1.012,1.126E-06
103.8,1.012,1.141E-06
104,1.01,1.115E-06
104.2,1.011,1.137E-06
104.4,1.016,1.144E-06
104.6,1.014,1.143E-06
104.8,1.012,1.147E-06
105,1.012,1.149E-06
105.2,1.012,1.151E-06
105.4,1.011,1.155E-06
105.6,1.009,1.155E-06
105.8,1.013,1.155E-06
106,1.015,1.187E-06
106.2,1.009,1.159E-06
106.4,1.015,1.169E-06
106.6,1.01,1.165E-06
106.8,1.012,1.192E-06
107,1.013,1.175E-06
107.2,1.014,1.196E-06
107.4,1.012,1.176E-06
107.6,1.012,1.201E-06
107.8,1.01,1.182E-06
108,1.011,1.203E-06
108.2,1.012,1.183E-06
108.4,1.015,1.214E-06
108.6,1.009,1.211E-06
108.8,1.016,1.211E-06
109,1.008,1.198E-06
109.2,1.014,1.224E-06
109.4,1.013,1.219E-06
109.6,1.011,1.22E-06
109.8,1.011,1.224E-06
110,1.012,1.228E-06
110.2,1.012,1.231E-06
110.4,1.013,1.237E-06
110.6,1.011,1.236E-06
110.8,1.009,1.234E-06
111,1.014,1.256E-06
111.2,1.009,1.248E-06
111.4,1.013,1.244E-06
111.6,1.008,1.243E-06
111.8,1.013,1.274E-06
112,1.013,1.25E-06
112.2,1.011,1.268E-06
112.4,1.01,1.262E-06
112.6,1.012,1.274E-06
112.8,1.011,1.267E-06
113,1.01,1.286E-06
113.2,1.009,1.263E-06
113.4,1.013,1.288E-06
113.6,1.01,1.295E-06
113.8,1.011,1.27E-06
114,1.01,1.299E-06
114.2,1.014,1.299E-06
114.4,1.009,1.298E-06
114.6,1.009,1.305E-06
114.8,1.01,1.309E-06
115,1.011,1.311E-06
115.2,1.011,1.312E-06
115.4,1.012,1.315E-06
115.6,1.013,1.324E-06
115.8,1.009,1.323E-06
116,1.01,1.319E-06
116.2,1.012,1.354E-06
116.4,1.009,1.324E-06
116.6,1.01,1.339E-06
116.8,1.012,1.354E-06
117,1.01,1.34E-06
117.2,1.009,1.34E-06
117.4,1.01,1.366E-06
117.6,1.01,1.35E-06
117.8,1.012,1.374E-06
118,1.011,1.374E-06
118.2,1.008,1.365E-06
118.4,1.009,1.376E-06
118.6,1.013,1.387E-06
118.8,1.007,1.366E-06
119,1.013,1.395E-06
119.2,1.01,1.39E-06
119.4,1.008,1.396E-06
119.6,1.01,1.403E-06
119.8,1.011,1.405E-06
120,1.01,1.406E-06
120.2,1.009,1.408E-06
120.4,1.009,1.409E-06
120.6,1.012,1.413E-06
120.8,1.011,1.424E-06
121,1.007,1.419E-06
121.2,1.013,1.44E-06
121.4,1.007,1.433E-06
121.6,1.012,1.435E-06
121.8,1.01,1.442E-06
122,1.008,1.444E-06
122.2,1.009,1.442E-06
122.4,1.01,1.464E-06
122.6,1.009,1.445E-06
122.8,1.01,1.467E-06
123,1.011,1.457E-06
123.2,1.01,1.475E-06
123.4,1.007,1.476E-06
123.6,1.012,1.472E-06
123.8,1.007,1.473E-06
124,1.012,1.486E-06
124.2,1.007,1.485E-06
124.4,1.009,1.498E-06
124.6,1.011,1.497E-06
124.8,1.01,1.497E-06
125,1.009,1.499E-06
125.2,1.009,1.505E-06
125.4,1.008,1.507E-06
125.6,1.009,1.507E-06
125.8,1.012,1.519E-06
126,1.007,1.517E-06
126.2,1.01,1.516E-06
126.4,1.008,1.548E-06
126.6,1.011,1.526E-06
126.8,1.007,1.524E-06
127,1.008,1.557E-06
127.2,1.01,1.538E-06
127.4,1.009,1.56E-06
127.6,1.009,1.542E-06
127.8,1.008,1.564E-06
128,1.009,1.544E-06
128.2,1.011,1.579E-06
128.4,1.008,1.576E-06
128.6,1.008,1.551E-06
128.8,1.01,1.588E-06
129,1.008,1.577E-06
129.2,1.007,1.591E-06
129.4,1.011,1.592E-06
129.6,1.01,1.586E-06
129.8,1.009,1.593E-06
130,1.009,1.599E-06
130.2,1.009,1.603E-06
130.4,1.008,1.611E-06
130.6,1.007,1.606E-06
130.8,1.01,1.605E-06
131,1.011,1.621E-06
131.2,1.006,1.612E-06
131.4,1.011,1.643E-06
131.6,1.008,1.62E-06
131.8,1.007,1.629E-06
132,1.01,1.652E-06
132.2,1.01,1.632E-06
132.4,1.009,1.651E-06
132.6,1.009,1.64E-06
132.8,1.007,1.66E-06
133,1.007,1.64E-06
133.2,1.01,1.66E-06
133.4,1.01,1.671E-06
133.6,1.006,1.652E-06
133.8,1.012,1.676E-06
134,1.006,1.673E-06
134.2,1.009,1.687E-06
134.4,1.011,1.677E-06
134.6,1.008,1.681E-06
134.8,1.008,1.676E-06
135,1.009,1.692E-06
135.2,1.009,1.705E-06
135.4,1.009,1.705E-06
135.6,1.007,1.71E-06
135.8,1.007,1.7E-06
136,1.011,1.711E-06
136.2,1.006,1.709E-06
136.4,1.011,1.726E-06
136.6,1.006,1.719E-06
136.8,1.009,1.725E-06
137,1.01,1.738E-06
137.2,1.009,1.729E-06
137.4,1.008,1.742E-06
137.6,1.008,1.738E-06
137.8,1.008,1.75E-06
138,1.007,1.743E-06
138.2,1.007,1.755E-06
138.4,1.011,1.758E-06
138.6,1.006,1.755E-06
138.8,1.01,1.762E-06
139,1.006,1.772E-06
139.2,1.01,1.773E-06
139.4,1.008,1.768E-06
139.6,1.007,1.768E-06
139.8,1.007,1.786E-06
140,1.008,1.787E-06
140.2,1.009,1.789E-06
140.4,1.009,1.799E-06
140.6,1.009,1.808E-06
140.8,1.006,1.801E-06
141,1.009,1.789E-06
141.2,1.008,1.803E-06
141.4,1.009,1.788E-06
141.6,1.007,1.814E-06
141.8,1.01,1.793E-06
142,1.009,1.802E-06
142.2,1.008,1.79E-06
142.4,1.008,1.79E-06
142.6,1.009,1.808E-06
142.8,1.009,1.81E-06
143,1.008,1.801E-06
143.2,1.006,1.814E-06
143.4,1.009,1.793E-06
143.6,1.009,1.828E-06
143.8,1.008,1.818E-06
144,1.009,1.836E-06
144.2,1.01,1.825E-06
144.4,1.007,1.819E-06
144.6,1.007,1.845E-06
144.8,1.008,1.848E-06
145,1.009,1.851E-06
145.2,1.008,1.856E-06
145.4,1.009,1.86E-06
145.6,1.01,1.884E-06
145.8,1.007,1.881E-06
146,1.007,1.872E-06
146.2,1.01,1.887E-06
146.4,1.006,1.883E-06
146.6,1.009,1.919E-06
146.8,1.01,1.897E-06
147,1.007,1.895E-06
147.2,1.007,1.924E-06
147.4,1.008,1.912E-06
147.6,1.008,1.933E-06
147.8,1.009,1.918E-06
148,1.009,1.95E-06
148.2,1.006,1.945E-06
148.4,1.007,1.926E-06
148.6,1.01,1.957E-06
148.8,1.004,1.955E-06
149,1.01,1.96E-06
149.2,1.008,1.943E-06
149.4,1.007,1.968E-06
149.6,1.008,1.974E-06
149.8,1.008,1.974E-06
150,1.008,1.976E-06
150.2,1.008,1.978E-06
150.4,1.008,1.979E-06
150.6,1.01,1.981E-06
150.8,1.009,2.006E-06
151,1.005,1.994E-06
151.2,1.01,1.993E-06
151.4,1.005,1.991E-06
151.6,1.01,2.012E-06
151.8,1.007,1.998E-06
152,1.006,2.002E-06
152.2,1.007,2.027E-06
152.4,1.008,2.007E-06
152.6,1.008,2.029E-06
152.8,1.008,2.009E-06
153,1.009,2.032E-06
153.2,1.009,2.038E-06
153.4,1.005,2.026E-06
153.6,1.01,2.038E-06
153.8,1.006,2.05E-06
154,1.01,2.04E-06
154.2,1.006,2.032E-06
154.4,1.007,2.058E-06
154.6,1.009,2.059E-06
154.8,1.008,2.056E-06
155,1.008,2.061E-06
155.2,1.007,2.065E-06
155.4,1.006,2.067E-06
155.6,1.007,2.065E-06
155.8,1.01,2.088E-06
156,1.006,2.085E-06
156.2,1.008,2.079E-06
156.4,1.006,2.092E-06
156.6,1.009,2.099E-06
156.8,1.006,2.09E-06
157,1.006,2.097E-06
157.2,1.008,2.117E-06
157.4,1.007,2.1E-06
157.6,1.007,2.119E-06
157.8,1.006,2.103E-06
158,1.008,2.122E-06
158.2,1.009,2.127E-06
158.4,1.006,2.125E-06
158.6,1.007,2.129E-06
158.8,1.007,2.147E-06
159,1.007,2.121E-06
159.2,1.005,2.15E-06
159.4,1.008,2.152E-06
159.6,1.008,2.15E-06
159.8,1.008,2.156E-06
160,1.007,2.159E-06
160.2,1.007,2.159E-06
160.4,1.006,2.165E-06
160.6,1.005,2.165E-06
160.8,1.009,2.164E-06
161,1.009,2.195E-06
161.2,1.007,2.173E-06
161.4,1.009,2.183E-06
161.6,1.008,2.178E-06
161.8,1.007,2.207E-06
162,1.008,2.192E-06
162.2,1.01,2.208E-06
162.4,1.008,2.198E-06
162.6,1.008,2.215E-06
162.8,1.007,2.205E-06
163,1.008,2.221E-06
163.2,1.009,2.203E-06
163.4,1.009,2.237E-06
163.6,1.007,2.231E-06
163.8,1.011,2.232E-06
164,1.007,2.222E-06
164.2,1.008,2.25E-06
164.4,1.01,2.245E-06
164.6,1.009,2.25E-06
164.8,1.008,2.246E-06
165,1.008,2.256E-06
165.2,1.009,2.264E-06
165.4,1.008,2.263E-06
165.6,1.007,2.269E-06
165.8,1.008,2.262E-06
166,1.011,2.289E-06
166.2,1.006,2.281E-06
166.4,1.011,2.281E-06
166.6,1.007,2.28E-06
166.8,1.008,2.311E-06
167,1.01,2.289E-06
167.2,1.009,2.302E-06
167.4,1.009,2.305E-06
167.6,1.008,2.308E-06
167.8,1.008,2.31E-06
168,1.007,2.324E-06
168.2,1.008,2.302E-06
168.4,1.011,2.335E-06
168.6,1.006,2.333E-06
168.8,1.011,2.322E-06
169,1.007,2.328E-06
169.2,1.011,2.345E-06
169.4,1.009,2.345E-06
169.6,1.008,2.341E-06
169.8,1.008,2.354E-06
170,1.009,2.358E-06
170.2,1.009,2.358E-06
170.4,1.01,2.366E-06
170.6,1.009,2.368E-06
170.8,1.007,2.368E-06
171,1.01,2.369E-06
171.2,1.008,2.4E-06
171.4,1.01,2.374E-06
171.6,1.007,2.385E-06
171.8,1.01,2.404E-06
172,1.01,2.393E-06
172.2,1.008,2.391E-06
172.4,1.009,2.409E-06
172.6,1.009,2.402E-06
172.8,1.009,2.423E-06
173,1.008,2.419E-06
173.2,1.007,2.411E-06
173.4,1.011,2.424E-06
173.6,1.008,2.44E-06
173.8,1.009,2.412E-06
174,1.008,2.448E-06
174.2,1.011,2.443E-06
174.4,1.008,2.44E-06
174.6,1.008,2.453E-06
174.8,1.009,2.455E-06
175,1.009,2.456E-06
175.2,1.009,2.458E-06
175.4,1.01,2.46E-06
175.6,1.01,2.472E-06
175.8,1.007,2.469E-06
176,1.009,2.465E-06
176.2,1.01,2.495E-06
176.4,1.008,2.475E-06
176.6,1.008,2.488E-06
176.8,1.011,2.494E-06
177,1.008,2.488E-06
177.2,1.008,2.489E-06
177.4,1.008,2.513E-06
177.6,1.009,2.493E-06
177.8,1.009,2.518E-06
178,1.009,2.518E-06
178.2,1.007,2.512E-06
178.4,1.009,2.519E-06
178.6,1.01,2.546E-06
178.8,1.007,2.513E-06
179,1.01,2.539E-06
179.2,1.009,2.535E-06
179.4,1.007,2.543E-06
179.6,1.008,2.55E-06
179.8,1.009,2.55E-06
180,1.009,2.552E-06
180.2,1.009,2.554E-06
180.4,1.009,2.554E-06
180.6,1.01,2.557E-06
180.8,1.009,2.57E-06
181,1.007,2.564E-06
181.2,1.011,2.584E-06
181.4,1.007,2.577E-06
181.6,1.01,2.58E-06
181.8,1.009,2.584E-06
182,1.008,2.587E-06
182.2,1.008,2.588E-06
182.4,1.008,2.609E-06
182.6,1.008,2.589E-06
182.8,1.009,2.611E-06
183,1.009,2.603E-06
183.2,1.008,2.618E-06
183.4,1.007,2.621E-06
183.6,1.01,2.616E-06
183.8,1.006,2.617E-06
184,1.01,2.631E-06
184.2,1.007,2.628E-06
184.4,1.007,2.641E-06
184.6,1.009,2.639E-06
184.8,1.009,2.64E-06
185,1.008,2.646E-06
185.2,1.008,2.655E-06
185.4,1.007,2.653E-06
185.6,1.009,2.649E-06
185.8,1.009,2.662E-06
186,1.006,2.659E-06
186.2,1.01,2.661E-06
186.4,1.006,2.687E-06
186.6,1.01,2.668E-06
186.8,1.007,2.664E-06
187,1.007,2.699E-06
187.2,1.007,2.68E-06
187.4,1.008,2.701E-06
187.6,1.007,2.684E-06
187.8,1.008,2.704E-06
188,1.009,2.684E-06
188.2,1.008,2.719E-06
188.4,1.006,2.714E-06
188.6,1.009,2.691E-06
188.8,1.006,2.728E-06
189,1.009,2.719E-06
189.2,1.006,2.727E-06
189.4,1.008,2.733E-06
189.6,1.009,2.727E-06
189.8,1.008,2.732E-06
190,1.007,2.738E-06
190.2,1.007,2.744E-06
190.4,1.006,2.75E-06
190.6,1.007,2.745E-06
190.8,1.009,2.745E-06
191,1.007,2.76E-06
191.2,1.008,2.748E-06
191.4,1.006,2.785E-06
191.6,1.009,2.761E-06
191.8,1.006,2.759E-06
192,1.006,2.79E-06
192.2,1.008,2.784E-06
192.4,1.007,2.803E-06
192.6,1.008,2.773E-06
192.8,1.006,2.8E-06
193,1.008,2.776E-06
193.2,1.008,2.805E-06
193.4,1.005,2.809E-06
193.6,1.007,2.789E-06
193.8,1.008,2.819E-06
194,1.007,2.808E-06
194.2,1.005,2.826E-06
194.4,1.008,2.818E-06
194.6,1.008,2.822E-06
194.8,1.007,2.825E-06
195,1.007,2.829E-06
195.2,1.007,2.837E-06
195.4,1.006,2.837E-06
195.6,1.006,2.845E-06
195.8,1.008,2.835E-06
196,1.007,2.849E-06
196.2,1.005,2.845E-06
196.4,1.008,2.866E-06
196.6,1.008,2.852E-06
196.8,1.004,2.861E-06
197,1.007,2.878E-06
197.2,1.008,2.861E-06
197.4,1.006,2.876E-06
197.6,1.007,2.873E-06
197.8,1.005,2.888E-06
198,1.005,2.872E-06
198.2,1.009,2.889E-06
198.4,1.006,2.895E-06
198.6,1.004,2.886E-06
198.8,1.009,2.905E-06
199,1.005,2.901E-06
199.2,1.005,2.912E-06
199.4,1.007,2.902E-06
199.6,1.006,2.906E-06
199.8,1.006,2.905E-06
200,1.006,2.904E-06
200.2,1.007,2.927E-06
200.4,1.007,2.935E-06
200.6,1.005,2.933E-06
200.8,1.006,2.928E-06
201,1.007,2.936E-06
201.2,1.003,2.933E-06
201.4,1.009,2.952E-06
201.6,1.006,2.943E-06
201.8,1.004,2.949E-06
202,1.008,2.96E-06
202.2,1.006,2.956E-06
202.4,1.006,2.964E-06
202.6,1.006,2.962E-06
202.8,1.006,2.968E-06
203,1.004,2.969E-06
203.2,1.008,2.978E-06
203.4,1.007,2.979E-06
203.6,1.003,2.978E-06
203.8,1.008,2.988E-06
204,1.005,2.997E-06
204.2,1.007,2.992E-06
204.4,1.006,2.992E-06
204.6,1.005,2.986E-06
204.8,1.005,3.005E-06
205,1.006,3.007E-06
205.2,1.006,3.009E-06
205.4,1.006,3.025E-06
205.6,1.005,3.021E-06
205.8,1.004,3.024E-06
206,1.007,3.014E-06
206.2,1.004,3.031E-06
206.4,1.008,3.024E-06
206.6,1.004,3.048E-06
206.8,1.005,3.031E-06
207,1.007,3.046E-06
207.2,1.005,3.038E-06
207.4,1.006,3.038E-06
207.6,1.005,3.056E-06
207.8,1.006,3.063E-06
208,1.004,3.048E-06
208.2,1.005,3.054E-06
208.4,1.007,3.017E-06
208.6,1.003,3.077E-06
208.8,1.007,3.068E-06
209,1.004,3.084E-06
209.2,1.007,3.07E-06
209.4,1.005,3.06E-06
209.6,1.004,3.084E-06
209.8,1.005,3.086E-06
210,1.005,3.086E-06
210.2,1.006,3.086E-06
210.4,1.006,3.087E-06
210.6,1.005,3.114E-06
210.8,1.004,3.101E-06
211,1.006,3.092E-06
211.2,1.004,3.103E-06
211.4,1.006,3.095E-06
211.6,1.004,3.13E-06
211.8,1.006,3.102E-06
212,1.006,3.107E-06
212.2,1.005,3.121E-06
212.4,1.005,3.109E-06
212.6,1.005,3.13E-06
212.8,1.006,3.114E-06
213,1.004,3.139E-06
213.2,1.003,3.135E-06
213.4,1.006,3.113E-06
213.6,1.005,3.145E-06
213.8,1.005,3.139E-06
214,1.004,3.142E-06
214.2,1.007,3.133E-06
214.4,1.004,3.14E-06
214.6,1.004,3.153E-06
214.8,1.005,3.151E-06
215,1.005,3.151E-06
215.2,1.005,3.151E-06
215.4,1.005,3.15E-06
215.6,1.006,3.157E-06
215.8,1.003,3.173E-06
216,1.005,3.163E-06
216.2,1.005,3.161E-06
216.4,1.004,3.156E-06
216.6,1.004,3.181E-06
216.8,1.006,3.166E-06
217,1.004,3.159E-06
217.2,1.004,3.189E-06
217.4,1.004,3.159E-06
217.6,1.005,3.187E-06
217.8,1.005,3.165E-06
218,1.005,3.195E-06
218.2,1.003,3.191E-06
218.4,1.005,3.181E-06
218.6,1.005,3.202E-06
218.8,1.003,3.201E-06
219,1.005,3.196E-06
219.2,1.005,3.189E-06
219.4,1.003,3.215E-06
219.6,1.004,3.216E-06
219.8,1.004,3.215E-06
220,1.004,3.219E-06
220.2,1.004,3.223E-06
220.4,1.005,3.223E-06
220.6,1.005,3.223E-06
220.8,1.004,3.251E-06
221,1.003,3.242E-06
221.2,1.006,3.234E-06
221.4,1.003,3.243E-06
221.6,1.004,3.255E-06
221.8,1.005,3.248E-06
222,1.003,3.252E-06
222.2,1.003,3.276E-06
222.4,1.004,3.257E-06
222.6,1.004,3.28E-06
222.8,1.005,3.259E-06
223,1.005,3.283E-06
223.2,1.003,3.288E-06
223.4,1.003,3.281E-06
223.6,1.005,3.289E-06
223.8,1.002,3.305E-06
224,1.005,3.293E-06
224.2,1.003,3.288E-06
224.4,1.002,3.314E-06
224.6,1.004,3.311E-06
224.8,1.004,3.313E-06
225,1.003,3.319E-06
225.2,1.003,3.323E-06
225.4,1.003,3.326E-06
225.6,1.004,3.322E-06
225.8,1.004,3.344E-06
226,1.002,3.346E-06
226.2,1.005,3.335E-06
226.4,1.001,3.348E-06
226.6,1.005,3.356E-06
226.8,1.003,3.345E-06
227,1.002,3.347E-06
227.2,1.003,3.398E-06
227.4,1.003,3.371E-06
227.6,1.003,3.373E-06
227.8,1.004,3.363E-06
228,1.004,3.381E-06
228.2,1.003,3.381E-06
228.4,1.001,3.379E-06
228.6,1.005,3.378E-06
228.8,1.001,3.398E-06
229,1.005,3.38E-06
229.2,1.002,3.395E-06
229.4,1.002,3.407E-06
229.6,1.003,3.402E-06
229.8,1.003,3.408E-06
230,1.003,3.41E-06
230.2,1.002,3.411E-06
230.4,1.002,3.415E-06
230.6,1.003,3.415E-06
230.8,1.003,3.415E-06
231,1.001,3.444E-06
231.2,1.004,3.424E-06
231.4,1.001,3.433E-06
231.6,1.004,3.434E-06
231.8,1.002,3.445E-06
232,1.001,3.438E-06
232.2,1.002,3.455E-06
232.4,1.002,3.442E-06
232.6,1.002,3.459E-06
232.8,1.002,3.446E-06
233,1.003,3.464E-06
233.2,1.002,3.448E-06
233.4,0.9999,3.473E-06
233.6,1.003,3.467E-06
233.8,1,3.471E-06
234,1.002,3.455E-06
234.2,0.9998,3.483E-06
234.4,1.001,3.477E-06
234.6,1.002,3.482E-06
234.8,1.001,3.482E-06
235,1.001,3.485E-06
235.2,1,3.487E-06
235.4,1,3.486E-06
235.6,1,3.49E-06
235.8,1.002,3.486E-06
236,0.9997,3.512E-06
236.2,1.001,3.499E-06
236.4,0.9991,3.497E-06
236.6,1.001,3.493E-06
236.8,0.9993,3.53E-06
237,0.9988,3.504E-06
237.2,1,3.52E-06
237.4,0.9995,3.514E-06
237.6,0.9995,3.523E-06
237.8,0.9985,3.516E-06
238,1.001,3.551E-06
238.2,0.9996,3.526E-06
238.4,0.9985,3.544E-06
238.6,0.9997,3.542E-06
238.8,0.998,3.538E-06
239,0.9982,3.529E-06
239.2,0.9974,3.553E-06
239.4,0.9999,3.548E-06
239.6,1,3.548E-06
239.8,0.9992,3.544E-06
240,0.9986,3.548E-06
240.2,0.9985,3.559E-06
240.4,0.9977,3.554E-06
240.6,0.9974,3.558E-06
240.8,0.9985,3.551E-06
241,0.9961,3.577E-06
241.2,0.9952,3.566E-06
241.4,0.9975,3.56E-06
241.6,0.9974,3.554E-06
241.8,0.9938,3.589E-06
242,0.9965,3.56E-06
242.2,0.996,3.577E-06
242.4,0.9957,3.575E-06
242.6,0.9949,3.577E-06
242.8,0.9944,3.574E-06
243,0.9938,3.589E-06
243.2,0.996,3.563E-06
243.4,0.9939,3.596E-06
243.6,0.9927,3.589E-06
243.8,0.9951,3.577E-06
244,0.9926,3.579E-06
244.2,0.9923,3.591E-06
244.4,0.9933,3.588E-06
244.6,0.9922,3.582E-06
244.8,0.9905,3.59E-06
245,0.9925,3.585E-06
245.2,0.991,3.58E-06
245.4,0.9905,3.587E-06
245.6,0.9896,3.58E-06
245.8,0.9895,3.579E-06
246,0.9904,3.575E-06
246.2,0.9869,3.602E-06
246.4,0.9897,3.573E-06
246.6,0.9864,3.583E-06
246.8,0.9859,3.59E-06
247,0.9873,3.583E-06
247.2,0.9859,3.571E-06
247.4,0.9846,3.595E-06
247.6,0.9835,3.572E-06
247.8,0.9824,3.6E-06
248,0.9801,3.585E-06
248.2,0.9806,3.584E-06
248.4,0.9819,3.586E-06
248.6,0.9791,3.596E-06
248.8,0.9813,3.579E-06
249,0.9777,3.6E-06
249.2,0.9804,3.589E-06
249.4,0.9799,3.594E-06
249.6,0.9783,3.591E-06
249.8,0.979,3.598E-06
250,0.9814,3.564E-06
250.2,0.9819,3.595E-06
250.4,0.9831,3.596E-06
250.6,0.9829,3.634E-06
250.8,0.9834,3.628E-06
251,0.9876,3.628E-06
251.2,0.987,3.662E-06
251.4,0.9919,3.663E-06
251.6,0.9914,3.7E-06
251.8,0.9958,3.71E-06
252,0.9999,3.731E-06
252.2,0.9991,3.748E-06
252.4,1.003,3.793E-06
252.6,1.005,3.787E-06
252.8,1.009,3.844E-06
253,1.008,3.862E-06
253.2,1.01,3.861E-06
253.4,1.014,3.875E-06
253.6,1.015,3.903E-06
253.8,1.019,3.913E-06
254,1.018,3.957E-06
254.2,1.022,3.962E-06
254.4,1.023,3.96E-06
254.6,1.024,3.979E-06
254.8,1.025,3.976E-06
255,1.025,3.976E-06
255.2,1.027,3.972E-06
255.4,1.028,3.969E-06
255.6,1.028,3.983E-06
255.8,1.028,3.974E-06
256,1.031,3.967E-06
256.2,1.028,3.992E-06
256.4,1.032,3.972E-06
256.6,1.029,3.981E-06
256.8,1.032,3.982E-06
257,1.032,3.979E-06
257.2,1.032,3.97E-06
257.4,1.032,3.992E-06
257.6,1.032,3.976E-06
257.8,1.031,3.998E-06
258,1.031,3.99E-06
258.2,1.031,3.989E-06
258.4,1.033,3.988E-06
258.6,1.03,3.999E-06
258.8,1.033,3.982E-06
259,1.029,4.007E-06
259.2,1.032,4E-06
259.4,1.033,3.992E-06
259.6,1.032,4.008E-06
259.8,1.032,4.005E-06
260,1.033,4.006E-06
260.2,1.033,4.008E-06
260.4,1.034,4.005E-06
260.6,1.032,4.02E-06
260.8,1.032,4.018E-06
261,1.034,4.012E-06
261.2,1.031,4.039E-06
261.4,1.034,4.026E-06
261.6,1.031,4.033E-06
261.8,1.033,2.275E-06
262,1.033,3.17E-09
262.2,1.032,2.557E-09
262.4,1.032,2.542E-09
262.6,1.032,2.502E-09
262.8,1.032,2.477E-09
263,1.03,2.448E-09
263.2,1.031,2.433E-09
263.4,1.033,2.394E-09
263.6,1.03,2.362E-09
263.8,1.032,2.349E-09
264,1.03,2.336E-09
264.2,1.032,2.293E-09
264.4,1.031,2.277E-09
264.6,1.03,2.256E-09
264.8,1.03,2.228E-09
265,1.03,2.208E-09
265.2,1.031,2.185E-09
265.4,1.03,2.161E-09
265.6,1.03,2.147E-09
265.8,1.029,2.131E-09
266,1.031,2.092E-09
266.2,1.029,2.089E-09
266.4,1.03,2.075E-09
266.6,1.028,2.047E-09
266.8,1.03,2.024E-09
267,1.03,2.001E-09
267.2,1.029,1.991E-09
267.4,1.029,1.984E-09
267.6,1.029,1.961E-09
267.8,1.029,1.95E-09
268,1.028,1.93E-09
268.2,1.027,1.931E-09
268.4,1.029,1.89E-09
268.6,1.027,1.879E-09
268.8,1.028,1.875E-09
269,1.027,1.852E-09
269.2,1.029,1.825E-09
269.4,1.027,1.831E-09
269.6,1.026,1.803E-09
269.8,1.027,1.792E-09
270,1.027,1.773E-09
270.2,1.027,1.762E-09
270.4,1.027,1.755E-09
270.6,1.026,1.739E-09
270.8,1.025,1.734E-09
271,1.026,1.709E-09
271.2,1.025,1.709E-09
271.4,1.025,1.7E-09
271.6,1.024,1.681E-09
271.8,1.025,1.665E-09
272,1.024,1.668E-09
272.2,1.023,1.649E-09
272.4,1.023,1.646E-09
272.6,1.023,1.651E-09
272.8,1.023,1.637E-09
273,1.023,1.638E-09
273.2,1.022,1.629E-09
273.4,1.025,1.612E-09
273.6,1.024,1.607E-09
273.8,1.024,1.6E-09
274,1.023,1.589E-09
274.2,1.024,1.57E-09
274.4,1.022,1.567E-09
274.6,1.022,1.557E-09
274.8,1.022,1.55E-09
275,1.022,1.547E-09
275.2,1.022,1.539E-09
275.4,1.022,1.531E-09
275.6,1.022,1.528E-09
275.8,1.02,1.53E-09
276,1.021,1.523E-09
276.2,1.021,1.512E-09
276.4,1.02,1.515E-09
276.6,1.02,1.513E-09
276.8,1.021,1.503E-09
277,1.019,1.509E-09
277.2,1.019,1.519E-09
277.4,1.019,1.498E-09
277.6,1.019,1.503E-09
277.8,1.019,1.491E-09
278,1.018,1.501E-09
278.2,1.016,1.502E-09
278.4,1.017,1.499E-09
278.6,1.018,1.508E-09
278.8,1.016,1.517E-09
279,1.017,1.505E-09
279.2,1.016,1.509E-09
279.4,1.014,1.523E-09
279.6,1.015,1.515E-09
279.8,1.014,1.527E-09
280,1.015,1.532E-09
279.8,1.019,1.544E-09
279.6,1.02,1.537E-09
279.4,1.02,1.535E-09
279.2,1.019,1.531E-09
279,1.02,1.534E-09
278.8,1.021,1.517E-09
278.6,1.02,1.521E-09
278.4,1.021,1.533E-09
278.2,1.023,1.503E-09
278,1.022,1.515E-09
277.8,1.022,1.522E-09
277.6,1.022,1.512E-09
277.4,1.023,1.519E-09
277.2,1.023,1.513E-09
277,1.023,1.508E-09
276.8,1.022,1.521E-09
276.6,1.022,1.515E-09
276.4,1.024,1.52E-09
276.2,1.022,1.532E-09
276,1.024,1.528E-09
275.8,1.023,1.531E-09
275.6,1.023,1.536E-09
275.4,1.024,1.537E-09
275.2,1.024,1.536E-09
275,1.024,1.544E-09
274.8,1.023,1.556E-09
274.6,1.023,1.554E-09
274.4,1.024,1.56E-09
274.2,1.025,1.574E-09
274,1.022,1.584E-09
273.8,1.024,1.589E-09
273.6,1.022,1.601E-09
273.4,1.024,1.604E-09
273.2,1.022,1.625E-09
273,1.022,1.618E-09
272.8,1.024,1.645E-09
272.6,1.024,1.643E-09
272.4,1.024,1.667E-09
272.2,1.025,1.664E-09
272,1.026,1.679E-09
271.8,1.028,1.674E-09
271.6,1.026,1.697E-09
271.4,1.026,1.696E-09
271.2,1.027,1.702E-09
271,1.026,1.705E-09
270.8,1.026,1.736E-09
270.6,1.027,1.74E-09
270.4,1.027,1.75E-09
270.2,1.026,1.766E-09
270,1.027,1.78E-09
269.8,1.027,1.793E-09
269.6,1.027,1.798E-09
269.4,1.026,1.818E-09
269.2,1.027,1.827E-09
269,1.028,1.847E-09
268.8,1.025,1.868E-09
268.6,1.029,1.862E-09
268.4,1.026,1.887E-09
268.2,1.027,1.914E-09
268,1.028,1.918E-09
267.8,1.027,1.933E-09
267.6,1.027,1.954E-09
267.4,1.027,1.971E-09
267.2,1.027,1.99E-09
267,1.027,2.001E-09
266.8,1.027,2.016E-09
266.6,1.029,2.042E-09
266.4,1.027,2.061E-09
266.2,1.028,2.073E-09
266,1.027,2.108E-09
265.8,1.029,2.124E-09
265.6,1.028,2.137E-09
265.4,1.027,2.17E-09
265.2,1.028,2.18E-09
265,1.028,2.207E-09
264.8,1.029,2.224E-09
264.6,1.029,2.243E-09
264.4,1.029,2.262E-09
264.2,1.028,2.297E-09
264,1.029,2.306E-09
263.8,1.03,2.349E-09
263.6,1.028,2.373E-09
263.4,1.029,2.391E-09
263.2,1.031,2.414E-09
263,1.029,2.453E-09
262.8,1.029,2.461E-09
262.6,1.03,2.513E-09
262.4,1.03,2.518E-09
262.2,1.031,2.554E-09
262,1.03,2.578E-09
261.8,1.029,2.622E-09
261.6,1.029,2.644E-09
261.4,1.031,2.664E-09
261.2,1.028,2.713E-09
261,1.032,2.749E-09
260.8,1.03,2.764E-09
260.6,1.029,2.813E-09
260.4,1.03,2.835E-09
260.2,1.031,2.866E-09
260,1.03,2.913E-09
259.8,1.03,2.942E-09
259.6,1.03,2.986E-09
259.4,1.031,3.01E-09
259.2,1.031,3.039E-09
259,1.029,3.095E-09
258.8,1.032,3.094E-09
258.6,1.028,3.149E-09
258.4,1.029,3.156E-09
258.2,1.027,3.184E-09
258,1.027,3.247E-09
257.8,1.027,3.273E-09
257.6,1.028,3.305E-09
257.4,1.027,3.339E-09
257.2,1.027,3.389E-09
257,1.027,3.417E-09
256.8,1.028,3.465E-09
256.6,1.025,3.498E-09
256.4,1.026,3.522E-09
256.2,1.026,3.59E-09
256,1.026,3.595E-09
255.8,1.024,3.639E-09
255.6,1.026,3.651E-09
255.4,1.026,3.677E-09
255.2,1.025,3.71E-09
255,1.026,3.713E-09
254.8,1.023,3.737E-09
254.6,1.023,3.752E-09
254.4,1.022,3.755E-09
254.2,1.025,3.743E-09
254,1.023,3.735E-09
253.8,1.021,3.72E-09
253.6,1.021,3.682E-09
253.4,1.022,3.673E-09
253.2,1.017,3.603E-09
253,1.018,3.536E-09
252.8,1.017,3.475E-09
252.6,1.016,3.397E-09
252.4,1.014,3.293E-09
252.2,1.013,3.211E-09
252,1.013,3.105E-09
251.8,1.013,2.959E-09
251.6,1.009,2.855E-09
251.4,1.01,2.731E-09
251.2,1.012,2.577E-09
251,1.007,2.463E-09
250.8,1.007,2.324E-09
250.6,1.006,2.2E-09
250.4,1.006,2.064E-09
250.2,1.004,1.933E-09
250,1.002,1.806E-09
249.8,1.003,1.686E-09
249.6,1.001,1.583E-09
249.4,0.9996,1.49E-09
249.2,0.998,1.394E-09
249,1,1.304E-09
248.8,0.9962,1.213E-09
248.6,0.9984,1.136E-09
248.4,0.9953,1.086E-09
248.2,0.9956,1.016E-09
248,0.9957,9.657E-10
247.8,0.9937,9.28E-10
247.6,0.9934,8.898E-10
247.4,0.9926,8.591E-10
247.2,0.9919,8.279E-10
247,0.9913,8.026E-10
246.8,0.9906,7.807E-10
246.6,0.9928,7.654E-10
246.4,0.9911,7.585E-10
246.2,0.9906,7.457E-10
246,0.99,7.379E-10
245.8,0.9922,7.336E-10
245.6,0.9887,7.352E-10
245.4,0.9896,7.356E-10
245.2,0.99,7.33E-10
245,0.9896,7.38E-10
244.8,0.9903,7.36E-10
244.6,0.9908,7.49E-10
244.4,0.9918,7.514E-10
244.2,0.9903,7.717E-10
244,0.9892,7.759E-10
243.8,0.9925,7.794E-10
243.6,0.9892,7.94E-10
243.4,0.9923,8.054E-10
243.2,0.9921,8.149E-10
243,0.9905,8.215E-10
242.8,0.9908,8.385E-10
242.6,0.9923,8.482E-10
242.4,0.9917,8.652E-10
242.2,0.9932,8.701E-10
242,0.9931,8.883E-10
241.8,0.9933,8.995E-10
241.6,0.9921,9.183E-10
241.4,0.9943,9.25E-10
241.2,0.9919,9.444E-10
241,0.996,9.544E-10
240.8,0.9938,9.7E-10
240.6,0.9943,9.86E-10
240.4,0.9944,9.883E-10
240.2,0.9937,1.005E-09
240,0.9942,1.02E-09
239.8,0.9939,1.032E-09
239.6,0.9939,1.046E-09
239.4,0.9948,1.057E-09
239.2,0.9973,1.074E-09
239,0.9967,1.093E-09
238.8,0.9961,1.104E-09
238.6,0.9961,1.109E-09
238.4,0.9963,1.124E-09
238.2,0.9958,1.149E-09
238,0.9967,1.155E-09
237.8,0.9972,1.162E-09
237.6,0.9977,1.185E-09
237.4,0.9969,1.188E-09
237.2,0.9969,1.208E-09
237,0.9968,1.218E-09
236.8,0.9983,1.236E-09
236.6,0.9991,1.253E-09
236.4,0.9961,1.258E-09
236.2,0.9999,1.257E-09
236,0.9972,1.292E-09
235.8,0.9993,1.302E-09
235.6,0.9988,1.311E-09
235.4,0.9983,1.318E-09
235.2,0.998,1.333E-09
235,0.9987,1.352E-09
234.8,0.9998,1.358E-09
234.6,0.9995,1.377E-09
234.4,0.9988,1.401E-09
234.2,0.9986,1.393E-09
234,1.001,1.416E-09
233.8,0.9987,1.434E-09
233.6,1.001,1.441E-09
233.4,0.9983,1.448E-09
233.2,1,1.461E-09
233,1.001,1.475E-09
232.8,1,1.498E-09
232.6,0.9999,1.499E-09
232.4,1.001,1.517E-09
232.2,1,1.524E-09
232,1,1.549E-09
231.8,0.9996,1.553E-09
231.6,1.001,1.558E-09
231.4,1.001,1.577E-09
231.2,1.001,1.588E-09
231,1.001,1.605E-09
230.8,1.002,1.608E-09
230.6,1,1.625E-09
230.4,1.001,1.631E-09
230.2,1.001,1.649E-09
230,1.001,1.657E-09
229.8,1.002,1.67E-09
229.6,1.001,1.679E-09
229.4,1.003,1.689E-09
229.2,1.001,1.707E-09
229,1.001,1.716E-09
228.8,1.003,1.743E-09
228.6,1.001,1.749E-09
228.4,1.002,1.753E-09
228.2,1.003,1.763E-09
228,1.001,1.781E-09
227.8,1.002,1.789E-09
227.6,1.002,1.817E-09
227.4,1.002,1.812E-09
227.2,1.002,1.832E-09
227,1.003,1.835E-09
226.8,1.001,1.859E-09
226.6,1.001,1.867E-09
226.4,1.004,1.876E-09
226.2,1,1.893E-09
226,1.004,1.907E-09
225.8,1.001,1.927E-09
225.6,1.002,1.938E-09
225.4,1.003,1.941E-09
225.2,1.003,1.952E-09
225,1.003,1.97E-09
224.8,1.002,1.981E-09
224.6,1.002,1.992E-09
224.4,1.003,2.004E-09
224.2,1.004,2.01E-09
224,1.001,2.032E-09
223.8,1.003,2.033E-09
223.6,1.002,2.072E-09
223.4,1.004,2.056E-09
223.2,1.002,2.07E-09
223,1.002,2.106E-09
222.8,1.003,2.098E-09
222.6,1.003,2.129E-09
222.4,1.003,2.125E-09
222.2,1.003,2.161E-09
222,1.004,2.148E-09
221.8,1.005,2.167E-09
221.6,1.002,2.194E-09
221.4,1.003,2.177E-09
221.2,1.004,2.209E-09
221,1.003,2.222E-09
220.8,1.002,2.249E-09
220.6,1.005,2.241E-09
220.4,1.004,2.247E-09
220.2,1.004,2.267E-09
220,1.003,2.288E-09
219.8,1.004,2.298E-09
219.6,1.003,2.32E-09
219.4,1.002,2.331E-09
219.2,1.005,2.334E-09
219,1.005,2.33E-09
218.8,1.003,2.355E-09
218.6,1.005,2.387E-09
218.4,1.003,2.397E-09
218.2,1.003,2.385E-09
218,1.005,2.438E-09
217.8,1.005,2.427E-09
217.6,1.004,2.452E-09
217.4,1.004,2.464E-09
217.2,1.003,2.48E-09
217,1.003,2.492E-09
216.8,1.004,2.523E-09
216.6,1.005,2.495E-09
216.4,1.003,2.533E-09
216.2,1.006,2.544E-09
216,1.002,2.575E-09
215.8,1.005,2.558E-09
215.6,1.005,2.576E-09
215.4,1.004,2.596E-09
215.2,1.004,2.618E-09
215,1.004,2.63E-09
214.8,1.005,2.65E-09
214.6,1.005,2.669E-09
214.4,1.004,2.683E-09
214.2,1.003,2.702E-09
214,1.006,2.7E-09
213.8,1.004,2.71E-09
213.6,1.005,2.711E-09
213.4,1.003,2.768E-09
213.2,1.005,2.76E-09
213,1.006,2.763E-09
212.8,1.004,2.812E-09
212.6,1.005,2.788E-09
212.4,1.005,2.838E-09
212.2,1.005,2.826E-09
212,1.005,2.876E-09
211.8,1.004,2.866E-09
211.6,1.006,2.862E-09
211.4,1.005,2.921E-09
211.2,1.004,2.924E-09
211,1.005,2.934E-09
210.8,1.006,2.938E-09
210.6,1.003,2.966E-09
210.4,1.004,2.994E-09
210.2,1.005,3.011E-09
210,1.005,3.025E-09
209.8,1.005,3.039E-09
209.6,1.005,3.033E-09
209.4,1.006,3.068E-09
209.2,1.005,3.083E-09
209,1.004,3.124E-09
208.8,1.007,3.116E-09
208.6,1.003,3.116E-09
208.4,1.007,3.169E-09
208.2,1.006,3.171E-09
208,1.004,3.168E-09
207.8,1.005,3.226E-09
207.6,1.004,3.197E-09
207.4,1.006,3.26E-09
207.2,1.005,3.239E-09
207,1.007,3.285E-09
206.8,1.005,3.289E-09
206.6,1.004,3.31E-09
206.4,1.008,3.338E-09
206.2,1.003,3.361E-09
206,1.007,3.346E-09
205.8,1.004,3.375E-09
205.6,1.005,3.414E-09
205.4,1.007,3.421E-09
205.2,1.006,3.418E-09
205,1.006,3.458E-09
204.8,1.005,3.484E-09
204.6,1.004,3.493E-09
204.4,1.005,3.493E-09
204.2,1.007,3.535E-09
204,1.004,3.567E-09
203.8,1.007,3.574E-09
203.6,1.005,3.602E-09
203.4,1.007,3.601E-09
203.2,1.005,3.645E-09
203,1.006,3.656E-09
202.8,1.005,3.673E-09
202.6,1.007,3.699E-09
202.4,1.004,3.709E-09
202.2,1.006,3.722E-09
202,1.005,3.759E-09
201.8,1.008,3.781E-09
201.6,1.006,3.787E-09
201.4,1.004,3.822E-09
201.2,1.007,3.854E-09
201,1.007,3.849E-09
200.8,1.005,3.875E-09
200.6,1.007,3.889E-09
200.4,1.006,3.919E-09
200.2,1.006,3.959E-09
200,1.006,4.003E-09
199.8,1.006,4.01E-09
199.6,1.006,4.033E-09
199.4,1.005,4.023E-09
199.2,1.007,4.033E-09
199,1.007,4.068E-09
198.8,1.003,4.125E-09
198.6,1.007,4.139E-09
198.4,1.007,4.14E-09
198.2,1.005,4.19E-09
198,1.006,4.21E-09
197.8,1.008,4.212E-09
197.6,1.005,4.259E-09
197.4,1.007,4.283E-09
197.2,1.004,4.315E-09
197,1.006,4.328E-09
196.8,1.006,4.334E-09
196.6,1.008,4.398E-09
196.4,1.005,4.423E-09
196.2,1.008,4.409E-09
196,1.004,4.462E-09
195.8,1.008,4.508E-09
195.6,1.008,4.521E-09
195.4,1.006,4.559E-09
195.2,1.006,4.574E-09
195,1.007,4.601E-09
194.8,1.007,4.636E-09
194.6,1.008,4.657E-09
194.4,1.006,4.702E-09
194.2,1.004,4.727E-09
194,1.008,4.756E-09
193.8,1.006,4.807E-09
193.6,1.008,4.842E-09
193.4,1.004,4.865E-09
193.2,1.008,4.892E-09
193,1.008,4.942E-09
192.8,1.006,4.986E-09
192.6,1.007,4.999E-09
192.4,1.007,5.037E-09
192.2,1.008,5.045E-09
192,1.006,5.131E-09
191.8,1.006,5.127E-09
191.6,1.008,5.165E-09
191.4,1.007,5.198E-09
191.2,1.007,5.199E-09
191,1.007,5.253E-09
190.8,1.009,5.277E-09
190.6,1.006,5.339E-09
190.4,1.006,5.353E-09
190.2,1.007,5.384E-09
190,1.007,5.392E-09
189.8,1.007,5.436E-09
189.6,1.008,5.459E-09
189.4,1.009,5.485E-09
189.2,1.007,5.55E-09
189,1.007,5.57E-09
188.8,1.009,5.641E-09
188.6,1.006,5.671E-09
188.4,1.008,5.655E-09
188.2,1.009,5.718E-09
188,1.007,5.767E-09
187.8,1.007,5.759E-09
187.6,1.007,5.896E-09
187.4,1.008,5.803E-09
187.2,1.008,5.958E-09
187,1.008,5.915E-09
186.8,1.007,5.978E-09
186.6,1.007,6.059E-09
186.4,1.01,6.029E-09
186.2,1.006,6.077E-09
186,1.01,6.143E-09
185.8,1.007,6.223E-09
185.6,1.007,6.237E-09
185.4,1.008,6.256E-09
185.2,1.008,6.309E-09
185,1.008,6.348E-09
184.8,1.008,6.403E-09
184.6,1.007,6.452E-09
184.4,1.009,6.481E-09
184.2,1.009,6.47E-09
184,1.006,6.571E-09
183.8,1.01,6.602E-09
183.6,1.006,6.712E-09
183.4,1.01,6.661E-09
183.2,1.007,6.735E-09
183,1.007,6.877E-09
182.8,1.008,6.766E-09
182.6,1.008,6.949E-09
182.4,1.008,6.887E-09
182.2,1.008,7.056E-09
182,1.009,6.958E-09
181.8,1.009,7.13E-09
181.6,1.007,7.179E-09
181.4,1.009,7.119E-09
181.2,1.008,7.293E-09
181,1.009,7.315E-09
180.8,1.007,7.377E-09
180.6,1.009,7.378E-09
180.4,1.009,7.429E-09
180.2,1.009,7.496E-09
180,1.008,7.541E-09
179.8,1.008,7.613E-09
179.6,1.008,7.689E-09
179.4,1.007,7.746E-09
179.2,1.01,7.762E-09
179,1.008,7.805E-09
178.8,1.008,7.833E-09
178.6,1.01,8.029E-09
178.4,1.009,8.029E-09
178.2,1.007,7.995E-09
178,1.009,8.219E-09
177.8,1.01,8.173E-09
177.6,1.009,8.25E-09
177.4,1.008,8.314E-09
177.2,1.008,8.416E-09
177,1.008,8.361E-09
176.8,1.01,8.595E-09
176.6,1.009,8.511E-09
176.4,1.007,8.577E-09
176.2,1.011,8.758E-09
176,1.007,8.825E-09
175.8,1.009,8.777E-09
175.6,1.01,8.838E-09
175.4,1.009,8.926E-09
175.2,1.008,8.996E-09
175,1.008,9.082E-09
174.8,1.009,9.183E-09
174.6,1.009,9.269E-09
174.4,1.008,9.36E-09
174.2,1.008,9.447E-09
174,1.011,9.413E-09
173.8,1.006,9.492E-09
173.6,1.011,9.599E-09
173.4,1.007,9.799E-09
173.2,1.009,9.721E-09
173,1.01,9.824E-09
172.8,1.01,9.976E-09
172.6,1.008,9.963E-09
172.4,1.009,1.015E-08
172.2,1.008,1.016E-08
172,1.008,1.034E-08
171.8,1.008,1.04E-08
171.6,1.011,1.038E-08
171.4,1.007,1.066E-08
171.2,1.01,1.071E-08
171,1.007,1.077E-08
170.8,1.01,1.082E-08
170.6,1.008,1.094E-08
170.4,1.007,1.108E-08
170.2,1.008,1.122E-08
170,1.009,1.13E-08
169.8,1.009,1.137E-08
169.6,1.01,1.151E-08
169.4,1.009,1.166E-08
169.2,1.006,1.178E-08
169,1.009,1.188E-08
168.8,1.009,1.195E-08
168.6,1.009,1.196E-08
168.4,1.008,1.23E-08
168.2,1.01,1.228E-08
168,1.009,1.237E-08
167.8,1.008,1.266E-08
167.6,1.008,1.256E-08
167.4,1.008,1.297E-08
167.2,1.009,1.284E-08
167,1.009,1.313E-08
166.8,1.007,1.324E-08
166.6,1.008,1.33E-08
166.4,1.009,1.36E-08
166.2,1.007,1.369E-08
166,1.01,1.37E-08
165.8,1.01,1.384E-08
165.6,1.007,1.398E-08
165.4,1.008,1.419E-08
165.2,1.009,1.43E-08
165,1.008,1.439E-08
164.8,1.008,1.45E-08
164.6,1.009,1.462E-08
164.4,1.01,1.482E-08
164.2,1.008,1.498E-08
164,1.006,1.514E-08
163.8,1.011,1.516E-08
163.6,1.005,1.53E-08
163.4,1.009,1.559E-08
163.2,1.009,1.572E-08
163,1.007,1.574E-08
162.8,1.007,1.612E-08
162.6,1.008,1.607E-08
162.4,1.007,1.64E-08
162.2,1.009,1.635E-08
162,1.008,1.668E-08
161.8,1.008,1.677E-08
161.6,1.006,1.699E-08
161.4,1.009,1.713E-08
161.2,1.005,1.735E-08
161,1.011,1.748E-08
160.8,1.006,1.765E-08
160.6,1.006,1.788E-08
160.4,1.007,1.802E-08
160.2,1.007,1.815E-08
160,1.007,1.836E-08
159.8,1.007,1.861E-08
159.6,1.007,1.879E-08
159.4,1.007,1.89E-08
159.2,1.01,1.928E-08
159,1.006,1.953E-08
158.8,1.008,1.968E-08
158.6,1.007,1.979E-08
158.4,1.009,2.006E-08
158.2,1.006,2.045E-08
158,1.008,2.036E-08
157.8,1.009,2.084E-08
157.6,1.008,2.094E-08
157.4,1.007,2.128E-08
157.2,1.007,2.141E-08
157,1.007,2.183E-08
156.8,1.009,2.178E-08
156.6,1.008,2.23E-08
156.4,1.006,2.262E-08
156.2,1.01,2.258E-08
156,1.006,2.288E-08
155.8,1.008,2.343E-08
155.6,1.009,2.352E-08
155.4,1.007,2.397E-08
155.2,1.007,2.417E-08
155,1.007,2.442E-08
154.8,1.008,2.471E-08
154.6,1.009,2.486E-08
154.4,1.007,2.526E-08
154.2,1.005,2.549E-08
154,1.01,2.59E-08
153.8,1.006,2.644E-08
153.6,1.009,2.655E-08
153.4,1.005,2.659E-08
153.2,1.009,2.739E-08
153,1.008,2.752E-08
152.8,1.007,2.775E-08
152.6,1.007,2.862E-08
152.4,1.007,2.822E-08
152.2,1.008,2.927E-08
152,1.007,2.923E-08
151.8,1.006,2.978E-08
151.6,1.008,3.042E-08
151.4,1.008,3.023E-08
151.2,1.006,3.076E-08
151,1.009,3.166E-08
150.8,1.008,3.192E-08
150.6,1.005,3.225E-08
150.4,1.007,3.254E-08
150.2,1.008,3.302E-08
150,1.007,3.356E-08
149.8,1.007,3.408E-08
149.6,1.006,3.459E-08
149.4,1.008,3.504E-08
149.2,1.008,3.518E-08
149,1.004,3.589E-08
148.8,1.009,3.653E-08
148.6,1.005,3.745E-08
148.4,1.009,3.732E-08
148.2,1.005,3.785E-08
148,1.006,3.927E-08
147.8,1.007,3.881E-08
147.6,1.007,4.002E-08
147.4,1.007,4.017E-08
147.2,1.007,4.126E-08
147,1.007,4.095E-08
146.8,1.01,4.273E-08
146.6,1.006,4.269E-08
146.4,1.007,4.292E-08
146.2,1.008,4.444E-08
146,1.007,4.501E-08
145.8,1.006,4.516E-08
145.6,1.009,4.578E-08
145.4,1.008,4.653E-08
145.2,1.007,4.734E-08
145,1.007,4.811E-08
144.8,1.007,4.885E-08
144.6,1.007,4.964E-08
144.4,1.006,5.05E-08
144.2,1.008,5.14E-08
144,1.01,5.149E-08
143.8,1.005,5.236E-08
143.6,1.01,5.345E-08
143.4,1.006,5.489E-08
143.2,1.008,5.472E-08
143,1.009,5.576E-08
142.8,1.008,5.693E-08
142.6,1.008,5.731E-08
142.4,1.008,5.909E-08
142.2,1.008,5.924E-08
142,1.007,6.089E-08
141.8,1.006,6.175E-08
141.6,1.011,6.189E-08
141.4,1.007,6.412E-08
141.2,1.008,6.507E-08
141,1.007,6.54E-08
140.8,1.011,6.656E-08
140.6,1.007,6.785E-08
140.4,1.007,6.919E-08
140.2,1.009,7.063E-08
140,1.009,7.182E-08
139.8,1.009,7.295E-08
139.6,1.01,7.419E-08
139.4,1.011,7.599E-08
139.2,1.008,7.737E-08
139,1.008,7.889E-08
138.8,1.012,7.929E-08
138.6,1.007,8.071E-08
138.4,1.011,8.292E-08
138.2,1.011,8.416E-08
138,1.008,8.443E-08
137.8,1.008,8.745E-08
137.6,1.01,8.699E-08
137.4,1.009,9.007E-08
137.2,1.01,8.987E-08
137,1.011,9.358E-08
136.8,1.01,9.278E-08
136.6,1.007,9.588E-08
136.4,1.012,9.74E-08
136.2,1.007,9.82E-08
136,1.012,9.944E-08
135.8,1.007,1.019E-07
135.6,1.009,1.043E-07
135.4,1.011,1.055E-07
135.2,1.01,1.069E-07
135,1.01,1.088E-07
134.8,1.009,1.106E-07
134.6,1.009,1.126E-07
134.4,1.009,1.135E-07
134.2,1.012,1.163E-07
134,1.01,1.191E-07
133.8,1.008,1.213E-07
133.6,1.011,1.218E-07
133.4,1.01,1.243E-07
133.2,1.007,1.285E-07
133,1.011,1.291E-07
132.8,1.011,1.317E-07
132.6,1.01,1.342E-07
132.4,1.01,1.368E-07
132.2,1.009,1.398E-07
132,1.009,1.425E-07
131.8,1.011,1.433E-07
131.6,1.012,1.482E-07
131.4,1.007,1.507E-07
131.2,1.013,1.525E-07
131,1.007,1.589E-07
130.8,1.012,2.237E-07
130.6,1.011,2.477E-07
130.4,1.008,1.049E-06
130.2,1.009,1.602E-06
130,1.01,1.599E-06
129.8,1.01,1.598E-06
129.6,1.011,1.593E-06
129.4,1.01,1.591E-06
129.2,1.008,1.583E-06
129,1.012,1.591E-06
128.8,1.01,1.557E-06
128.6,1.01,1.586E-06
128.4,1.008,1.571E-06
128.2,1.013,1.566E-06
128,1.01,1.559E-06
127.8,1.009,1.568E-06
127.6,1.01,1.544E-06
127.4,1.01,1.562E-06
127.2,1.011,1.539E-06
127,1.011,1.547E-06
126.8,1.008,1.534E-06
126.6,1.01,1.535E-06
126.4,1.013,1.539E-06
126.2,1.007,1.529E-06
126,1.013,1.521E-06
125.8,1.01,1.519E-06
125.6,1.009,1.511E-06
125.4,1.011,1.508E-06
125.2,1.011,1.508E-06
125,1.011,1.504E-06
124.8,1.01,1.5E-06
124.6,1.01,1.501E-06
124.4,1.011,1.5E-06
124.2,1.013,1.492E-06
124,1.008,1.485E-06
123.8,1.012,1.493E-06
123.6,1.009,1.458E-06
123.4,1.014,1.486E-06
123.2,1.008,1.48E-06
123,1.01,1.452E-06
122.8,1.011,1.471E-06
122.6,1.011,1.449E-06
122.4,1.01,1.466E-06
122.2,1.01,1.445E-06
122,1.011,1.464E-06
121.8,1.013,1.438E-06
121.6,1.009,1.431E-06
121.4,1.01,1.453E-06
121.2,1.013,1.426E-06
121,1.009,1.427E-06
120.8,1.009,1.416E-06
120.6,1.013,1.434E-06
120.4,1.011,1.422E-06
120.2,1.011,1.417E-06
120,1.011,1.41E-06
119.8,1.011,1.404E-06
119.6,1.011,1.397E-06
119.4,1.009,1.382E-06
119.2,1.01,1.401E-06
119,1.014,1.394E-06
118.8,1.008,1.387E-06
118.6,1.014,1.387E-06
118.4,1.008,1.368E-06
118.2,1.012,1.377E-06
118,1.013,1.378E-06
117.8,1.012,1.362E-06
117.6,1.011,1.373E-06
117.4,1.011,1.35E-06
117.2,1.011,1.359E-06
117,1.01,1.345E-06
116.8,1.009,1.342E-06
116.6,1.014,1.362E-06
116.4,1.011,1.327E-06
116.2,1.011,1.338E-06
116,1.01,1.322E-06
115.8,1.014,1.346E-06
115.6,1.01,1.328E-06
115.4,1.01,1.317E-06
115.2,1.011,1.315E-06
115,1.012,1.314E-06
114.8,1.012,1.312E-06
114.6,1.012,1.311E-06
114.4,1.014,1.306E-06
114.2,1.011,1.287E-06
114,1.009,1.294E-06
113.8,1.015,1.299E-06
113.6,1.008,1.293E-06
113.4,1.013,1.275E-06
113.2,1.012,1.289E-06
113,1.01,1.287E-06
112.8,1.01,1.262E-06
112.6,1.012,1.282E-06
112.4,1.011,1.26E-06
112.2,1.013,1.279E-06
112,1.013,1.256E-06
111.8,1.013,1.264E-06
111.6,1.009,1.253E-06
111.4,1.014,1.252E-06
111.2,1.01,1.239E-06
111,1.015,1.266E-06
110.8,1.009,1.239E-06
110.6,1.012,1.234E-06
110.4,1.013,1.238E-06
110.2,1.013,1.235E-06
110,1.012,1.23E-06
109.8,1.012,1.229E-06
109.6,1.01,1.221E-06
109.5,1.01,1.227E-06
109.2,1.014,1.226E-06
109,1.012,1.207E-06
108.8,1.009,1.206E-06
108.6,1.014,1.212E-06
108.4,1.012,1.217E-06
108.2,1.008,1.185E-06
108,1.013,1.205E-06
107.8,1.013,1.202E-06
107.6,1.012,1.19E-06
107.4,1.012,1.194E-06
107.2,1.01,1.179E-06
107,1.01,1.176E-06
106.8,1.013,1.198E-06
106.6,1.013,1.169E-06
106.4,1.008,1.165E-06
106.2,1.016,1.19E-06
106,1.008,1.162E-06
105.8,1.013,1.158E-06
105.6,1.013,1.162E-06
105.4,1.011,1.157E-06
105.2,1.011,1.153E-06
105,1.012,1.151E-06
104.9,1.013,1.149E-06
104.7,1.013,1.147E-06
104.4,1.012,1.143E-06
104.2,1.009,1.137E-06
104,1.016,1.145E-06
103.8,1.013,1.113E-06
103.7,1.012,1.136E-06
103.4,1.009,1.127E-06
103.2,1.019,1.127E-06
103,1.012,1.113E-06
102.8,1.011,1.125E-06
102.6,1.014,1.1E-06
102.4,1.011,1.119E-06
102.2,1.017,1.095E-06
102,1.013,1.109E-06
101.8,1.009,1.088E-06
101.6,1.016,1.093E-06
101.4,1.014,1.1E-06
101.2,1.008,1.086E-06
101,1.019,1.08E-06
100.8,1.016,1.08E-06
100.6,1.01,1.072E-06
100.4,1.013,1.069E-06
100.2,1.014,1.07E-06
100,1.014,1.067E-06
99.84,1.013,1.062E-06
99.64,1.014,1.063E-06
99.44,1.017,1.062E-06
99.24,1.018,1.055E-06
99.04,1.01,1.051E-06
98.84,1.015,1.056E-06
98.63,1.011,1.021E-06
98.44,1.022,1.05E-06
98.24,1.011,1.044E-06
98.03,1.011,1.014E-06
97.85,1.019,1.037E-06
97.63,1.011,1.012E-06
97.45,1.019,1.033E-06
97.23,1.011,1.008E-06
97.05,1.02,1.03E-06
96.83,1.017,1.001E-06
96.64,1.013,9.988E-07
96.45,1.018,1.019E-06
96.23,1.016,9.896E-07
96.02,1.014,9.944E-07
95.84,1.014,9.832E-07
95.66,1.02,1.002E-06
95.46,1.018,9.887E-07
95.25,1.016,9.813E-07
95.05,1.016,9.758E-07
94.84,1.017,9.724E-07
94.64,1.016,9.63E-07
94.44,1.013,9.487E-07
94.24,1.016,9.694E-07
94.04,1.02,9.652E-07
93.83,1.013,9.63E-07
93.63,1.022,9.633E-07
93.45,1.013,9.395E-07
93.24,1.017,9.577E-07
93.03,1.021,9.541E-07
92.85,1.018,9.395E-07
92.63,1.019,9.567E-07
92.45,1.017,9.263E-07
92.23,1.018,9.458E-07
92.05,1.015,9.265E-07
91.83,1.017,9.236E-07
91.63,1.022,9.487E-07
91.45,1.015,9.12E-07
91.23,1.021,9.188E-07
91.03,1.016,9.093E-07
90.83,1.023,9.355E-07
90.65,1.017,9.142E-07
90.45,1.017,9.047E-07
90.25,1.018,9.031E-07
90.05,1.019,9.021E-07
89.84,1.02,9.008E-07
89.64,1.021,8.999E-07
89.44,1.022,8.969E-07
89.24,1.017,8.688E-07
89.04,1.019,8.887E-07
88.84,1.023,8.9E-07
88.64,1.018,8.884E-07
88.44,1.021,8.59E-07
88.24,1.023,8.83E-07
88.04,1.019,8.846E-07
87.84,1.019,8.514E-07
87.64,1.02,8.792E-07
87.44,1.022,8.492E-07
87.24,1.022,8.766E-07
87.04,1.024,8.438E-07
86.84,1.021,8.626E-07
86.64,1.018,8.5E-07
86.44,1.027,8.402E-07
86.24,1.018,8.369E-07
86.04,1.027,8.677E-07
85.84,1.02,8.361E-07
85.64,1.022,8.319E-07
85.44,1.026,8.321E-07
85.24,1.025,8.325E-07
85.04,1.024,8.306E-07
84.84,1.023,8.282E-07
84.64,1.022,8.284E-07
84.44,1.024,8.292E-07
84.24,1.029,8.293E-07
84.04,1.023,7.983E-07
83.84,1.026,8.202E-07
83.64,1.025,8.22E-07
83.44,1.029,8.282E-07
83.24,1.023,7.899E-07
83.04,1.026,8.2E-07
82.84,1.029,8.018E-07
82.64,1.028,8.085E-07
82.44,1.027,8.091E-07
82.24,1.027,7.982E-07
82.04,1.027,7.886E-07
81.84,1.031,8.18E-07
81.64,1.03,7.812E-07
81.44,1.026,7.859E-07
81.24,1.034,8.121E-07
81.04,1.027,7.817E-07
80.84,1.031,7.771E-07
80.64,1.035,7.814E-07
80.44,1.031,7.777E-07
80.24,1.031,7.772E-07
80.04,1.032,7.753E-07
79.83,1.034,7.73E-07
79.64,1.035,7.712E-07
79.43,1.032,7.673E-07
79.24,1.032,7.704E-07
79.04,1.04,7.686E-07
78.84,1.031,7.361E-07
78.63,1.041,7.597E-07
78.43,1.032,7.544E-07
78.23,1.04,7.499E-07
78.03,1.042,7.329E-07
77.83,1.039,7.476E-07
77.63,1.039,7.185E-07
77.43,1.041,7.685E-07
77.23,1.042,7.575E-07
77.03,1.041,7.657E-07
76.83,1.04,7.331E-07
76.63,1.047,7.641E-07
76.43,1.045,7.588E-07
76.23,1.046,7.558E-07
76.03,1.046,7.546E-07
75.83,1.051,7.656E-07
75.63,1.045,7.88E-07
75.42,1.046,8.013E-07
75.23,1.049,7.776E-07
75.02,1.049,7.571E-07
74.82,1.049,7.405E-07
74.62,1.051,7.381E-07
74.42,1.053,7.353E-07
74.22,1.046,7.117E-07
74.02,1.046,7.233E-07
73.82,1.051,7.182E-07
73.62,1.043,7.054E-07
73.42,1.045,6.942E-07
73.22,1.046,7.039E-07
73.02,1.037,6.928E-07
72.83,1.033,6.833E-07
72.62,1.035,6.827E-07
72.43,1.031,6.728E-07
72.23,1.03,6.79E-07
72.04,1.028,6.771E-07
71.84,1.02,6.828E-07
71.64,1.014,6.417E-07
71.44,1.021,6.314E-07
71.25,1.007,6.235E-07
71.05,1.014,6.079E-07
70.85,1.002,5.864E-07
70.66,1.003,5.927E-07
70.44,1.005,5.9E-07
70.26,1.003,5.863E-07
70.05,1,5.866E-07
69.87,0.9982,5.903E-07
69.65,0.9968,5.904E-07
69.46,0.9967,5.821E-07
69.25,1.004,5.962E-07
69.05,0.9974,5.839E-07
68.85,0.9967,6.022E-07
68.65,1.001,6.114E-07
68.45,1.002,6.005E-07
68.24,0.9955,6.01E-07
68.04,1.003,6.289E-07
67.84,1.005,6.02E-07
67.63,1.002,6.462E-07
67.44,1.002,5.871E-07
67.22,0.9996,5.602E-07
67.04,1,5.335E-07
66.83,1.005,5.39E-07
66.64,1.002,5.25E-07
66.43,0.9909,5.161E-07
66.25,0.9984,5.276E-07
66.01,0.9855,5.112E-07
65.82,0.9889,5.085E-07
65.63,0.989,5.051E-07
65.42,0.9799,5.032E-07
65.25,0.9742,5.034E-07
65.04,0.9706,5.052E-07
64.85,0.9681,5.074E-07
64.64,0.9684,5.096E-07
64.44,0.96,5.107E-07
64.25,0.9555,5.068E-07
64.05,0.9678,5.138E-07
63.85,0.9551,4.927E-07
63.65,0.9622,5.08E-07
63.44,0.9534,5.042E-07
63.25,0.9659,4.981E-07
63.05,0.9612,4.991E-07
62.84,0.9637,5.017E-07
62.65,0.9602,4.819E-07
62.44,0.9641,5E-07
62.24,0.9686,4.775E-07
62.04,0.9666,4.917E-07
61.84,0.9623,4.709E-07
61.64,0.968,4.732E-07
61.44,0.973,4.819E-07
61.24,0.9657,4.705E-07
61.04,0.9743,4.717E-07
60.84,0.9727,4.679E-07
60.64,0.9678,4.663E-07
60.44,0.9731,4.641E-07
60.24,0.9752,4.605E-07
60.04,0.975,4.451E-07
59.84,0.975,4.392E-07
59.64,0.9754,4.393E-07
59.44,0.9802,4.386E-07
59.24,0.9802,4.388E-07
59.03,0.9716,4.287E-07
58.84,0.985,4.411E-07
58.64,0.9731,4.219E-07
58.44,0.9856,4.37E-07
58.24,0.9778,4.291E-07
58.04,0.9768,4.223E-07
57.83,0.9802,4.253E-07
57.64,0.9824,4.232E-07
57.44,0.9815,4.252E-07
57.24,0.9822,4.235E-07
57.04,0.9842,4.253E-07
56.84,0.9877,4.223E-07
56.64,0.9793,4.133E-07
56.43,0.9839,4.213E-07
56.24,0.9849,4.125E-07
56.04,0.9859,4.184E-07
55.84,0.9802,4.102E-07
55.64,0.9889,4.2E-07
55.43,0.9884,4.158E-07
55.23,0.986,4.09E-07
55.04,0.986,4.113E-07
54.83,0.9867,4.141E-07
54.63,0.985,4.174E-07
54.43,0.9822,4.057E-07
54.24,0.988,4.171E-07
54.04,0.9918,4.259E-07
53.85,0.98,4.119E-07
53.64,0.9945,4.339E-07
53.43,0.9833,4.137E-07
53.24,0.9851,4.137E-07
53.04,0.9933,4.377E-07
52.84,0.9898,4.255E-07
52.64,0.9887,4.306E-07
52.44,0.9883,4.29E-07
52.24,0.9879,4.428E-07
52.04,0.9843,4.144E-07
51.84,0.9889,4.351E-07
51.64,0.9937,4.274E-07
51.44,0.9837,4.182E-07
51.24,0.9965,4.282E-07
51.04,0.9836,4.224E-07
50.84,0.994,4.363E-07
50.64,0.9874,4.174E-07
50.44,0.9861,4.166E-07
50.24,0.9897,4.176E-07
50.04,0.9923,4.165E-07
49.84,0.9936,4.179E-07
49.64,0.9956,4.182E-07
49.44,0.9944,4.192E-07
49.24,0.9835,4.098E-07
49.04,0.988,4.015E-07
48.84,0.9949,4.118E-07
48.64,0.9892,3.999E-07
48.44,0.9909,4.108E-07
48.24,0.9954,4.073E-07
48.04,0.9899,3.909E-07
47.84,0.9867,3.943E-07
47.64,0.9898,3.928E-07
47.44,0.9915,4.031E-07
47.24,0.9935,3.901E-07
47.03,0.9945,3.918E-07
46.84,0.9903,3.972E-07
46.64,0.9859,3.831E-07
46.43,0.9998,3.961E-07
46.24,0.9843,3.923E-07
46.04,1,3.995E-07
45.84,0.9876,3.868E-07
45.63,0.989,3.938E-07
45.43,0.9957,4.011E-07
45.23,0.9952,4.054E-07
45.03,0.9932,3.825E-07
44.84,0.9913,3.993E-07
44.64,0.9896,3.829E-07
44.43,0.9933,4.043E-07
44.23,1,4.112E-07
44.04,0.9872,3.98E-07
43.84,0.995,4.041E-07
43.64,0.9904,4.136E-07
43.43,0.9997,4.036E-07
43.24,0.9854,4.087E-07
43.04,0.9913,4.06E-07
42.84,0.9962,4.326E-07
42.64,0.9947,4.18E-07
42.43,0.9931,4.231E-07
42.24,0.9909,4.195E-07
42.04,0.9926,4.284E-07
41.84,0.9997,4.33E-07
41.64,0.9933,4.454E-07
41.43,0.9881,4.231E-07
41.23,1.002,4.511E-07
41.04,0.9885,4.295E-07
40.84,0.9937,4.599E-07
40.64,1.002,4.526E-07
40.43,0.995,4.457E-07
40.23,0.9932,4.577E-07
40.03,0.9949,4.658E-07
39.86,0.9942,4.653E-07
39.66,0.9933,4.675E-07
39.46,0.9875,3.919E-07
39.26,0.9855,3.675E-07
39.06,1.001,3.904E-07
38.86,0.9845,3.829E-07
38.66,0.9977,3.906E-07
38.46,0.9813,3.764E-07
38.26,0.9984,4.015E-07
38.06,0.9931,3.922E-07
37.86,0.9864,3.769E-07
37.66,0.9865,3.99E-07
37.46,0.9891,3.981E-07
37.26,0.9913,3.825E-07
37.06,0.9908,3.6E-07
36.86,0.983,3.615E-07
36.66,0.988,3.619E-07
36.46,0.9977,3.514E-07
36.26,0.9789,3.395E-07
36.06,0.998,3.618E-07
35.86,0.9865,3.424E-07
35.66,0.9833,3.458E-07
35.46,0.9927,3.477E-07
35.26,0.9931,3.453E-07
35.06,0.9905,3.405E-07
34.86,0.988,3.443E-07
34.66,0.9859,3.287E-07
34.46,0.9899,3.046E-07
34.26,0.9994,3.365E-07
34.06,0.9841,3.024E-07
33.86,0.9899,3.038E-07
33.66,0.9896,3.284E-07
33.46,0.9947,2.97E-07
33.26,0.9785,3.061E-07
33.06,0.991,3.319E-07
32.86,0.9948,3.221E-07
32.66,0.9915,3.331E-07
32.46,0.9885,3.311E-07
32.26,0.9859,3.555E-07
32.06,0.9836,3.142E-07
31.86,0.991,3.212E-07
31.66,0.9961,3.244E-07
31.46,0.9773,3.217E-07
31.26,0.9996,3.107E-07
31.06,0.9771,3.273E-07
30.86,0.9981,3.486E-07
30.66,0.9898,3.372E-07
30.46,0.9817,3.164E-07
30.26,0.9848,3.193E-07
30.06,0.9884,3.213E-07
29.86,0.9902,3.095E-07
29.66,0.9941,3.105E-07
29.46,0.9942,3.239E-07
29.26,0.9797,3.373E-07
29.06,0.9853,3.241E-07
28.86,0.9959,3.136E-07
28.66,0.9769,2.702E-07
28.46,0.9901,2.863E-07
28.26,0.9937,2.659E-07
28.06,0.9765,2.57E-07
27.86,0.9765,2.456E-07
27.66,0.9808,2.402E-07
27.46,0.9837,2.1E-07
27.26,0.9846,2.113E-07
27.06,0.9899,1.942E-07
26.86,0.9879,1.962E-07
26.66,0.9732,1.804E-07
26.46,0.995,1.615E-07
26.26,0.9799,1.746E-07
26.06,0.9959,1.568E-07
25.86,0.9742,1.514E-07
25.66,0.9921,1.563E-07
25.46,0.9951,1.452E-07
25.26,0.9889,1.652E-07
25.06,0.9875,1.702E-07
24.86,0.9876,1.761E-07
24.66,0.9844,1.879E-07
24.46,0.9786,1.519E-07
24.26,0.9902,1.867E-07
24.06,0.9998,1.795E-07
23.86,0.9715,1.736E-07
23.66,1.006,1.788E-07
23.46,0.9727,1.712E-07
23.26,0.9872,1.793E-07
23.06,1.001,1.703E-07
22.86,0.9893,1.698E-07
22.66,0.9835,1.692E-07
22.46,0.9852,1.753E-07
22.26,0.9881,1.67E-07
22.06,0.9837,1.644E-07
21.86,0.9782,1.505E-07
21.66,0.9981,1.589E-07
21.46,0.9851,1.565E-07
21.26,0.9844,1.474E-07
21.06,0.9879,1.521E-07
20.86,1.001,1.424E-07
20.66,0.9732,1.421E-07
20.46,0.9819,1.443E-07
20.26,0.9891,1.383E-07
20.06,0.9894,1.325E-07
20.15,0.995,1.279E-07
